{
  "attributes": {
    "visual/block_light_tint": "#85c18a",
    "visual/fog_color": "#000000",
    "visual/water_fog_color": "#35998c",
    "visual/sky_fog_end_distance": 1000000,
    "visual/fog_start_distance": 0,
    "visual/fog_end_distance": 100,
    "visual/sky_light_factor": 0
  },
  "carvers": [],
  "creature_spawn_probability": 0.03,
  "downfall": 0,
  "effects": {
    "foliage_color": "#9e814d",
    "grass_color": "#90814d",
    "water_color": "#48b3a5"
  },
  "features": [],
  "has_precipitation": false,
  "spawn_costs": {},
  "spawners": {},
  "temperature": 2
}