{
  "attributes": {
    "visual/ambient_light_color": "#ffffff",
    "visual/block_light_tint": "#000000",
    "visual/fog_color": "#a0b8dc",
    "visual/water_fog_color": "#35998c",
    "visual/sky_fog_end_distance": 1000000,
    "visual/sky_light_color": 11184810,
    "visual/fog_start_distance": 0,
    "visual/fog_end_distance": 10,
    "visual/sky_light_factor": 1
  },
  "carvers": [],
  "creature_spawn_probability": 0.03,
  "downfall": 0,
  "effects": {
    "foliage_color": "#7cc65c",
    "grass_color": "#7cc65c",
    "water_color": "#3f76e4"
  },
  "features": [],
  "has_precipitation": false,
  "spawn_costs": {},
  "spawners": {},
  "temperature": 2
}