{
  "ambient_light": 0,
  "attributes": {
    "minecraft:audio/ambient_sounds": {
      "mood": {
        "block_search_extent": 8,
        "offset": 2,
        "sound": "minecraft:ambient.cave",
        "tick_delay": 6000
      }
    },
    "minecraft:audio/background_music": {
      "creative": {
        "max_delay": 24000,
        "min_delay": 12000,
        "sound": "minecraft:music.creative"
      },
      "default": {
        "max_delay": 24000,
        "min_delay": 12000,
        "sound": "minecraft:music.game"
      }
    },
    "minecraft:visual/ambient_light_color": "#000000",
    "minecraft:visual/sky_light_color": "#626262",
    "minecraft:visual/sky_light_factor": 1,
    "minecraft:visual/block_light_tint": "#000000",
    "minecraft:visual/cloud_color": "#ccffffff",
    "minecraft:visual/cloud_height": 192.33,
    "minecraft:visual/fog_color": "#3a507a",
    "minecraft:visual/sky_color": "#3a507a"
  },
  "coordinate_scale": 1,
  "has_ceiling": false,
  "has_skylight": true,
  "height": 384,
  "infiniburn": "#minecraft:infiniburn_overworld",
  "logical_height": 384,
  "min_y": -64,
  "monster_spawn_block_light_limit": 0,
  "monster_spawn_light_level": {
    "type": "minecraft:uniform",
    "max_inclusive": 7,
    "min_inclusive": 0
  }
}