{
  "stats": {
    "minecraft:killed": {
      "minecraft:bogged": 1,
      "minecraft:cave_spider": 1,
      "minecraft:mannequin": 1,
      "minecraft:copper_golem": 1,
      "minecraft:creeper": 2,
      "minecraft:chicken": 1
    },
    "minecraft:custom": {
      "minecraft:time_since_rest": 1615430,
      "minecraft:leave_game": 40,
      "minecraft:damage_taken": 750,
      "minecraft:mob_kills": 11,
      "minecraft:boat_one_cm": 6779,
      "minecraft:open_shulker_box": 5,
      "minecraft:time_since_death": 1615429,
      "minecraft:total_world_time": 3616457,
      "minecraft:crouch_one_cm": 45842,
      "minecraft:deaths": 1,
      "minecraft:climb_one_cm": 5011,
      "minecraft:damage_resisted": 150,
      "minecraft:walk_one_cm": 778117,
      "minecraft:walk_under_water_one_cm": 11127,
      "minecraft:damage_dealt": 2069,
      "minecraft:play_time": 3485601,
      "minecraft:jump": 14204,
      "minecraft:drop": 82,
      "minecraft:bell_ring": 1,
      "minecraft:open_barrel": 4,
      "minecraft:sprint_one_cm": 2639427,
      "minecraft:open_chest": 41,
      "minecraft:fall_one_cm": 137994,
      "minecraft:fly_one_cm": 36428194,
      "minecraft:walk_on_water_one_cm": 14279,
      "minecraft:sneak_time": 54258
    },
    "minecraft:picked_up": {
      "minecraft:purple_dye": 1,
      "minecraft:diamond_spear": 1,
      "minecraft:dirt": 1,
      "minecraft:polished_andesite": 3,
      "minecraft:pale_oak_slab": 1,
      "minecraft:magma_block": 1,
      "minecraft:black_concrete": 1,
      "minecraft:stone": 3,
      "minecraft:command_block": 1,
      "minecraft:smooth_stone": 6,
      "minecraft:jungle_planks": 2,
      "minecraft:carrot_on_a_stick": 20,
      "minecraft:red_concrete": 1,
      "minecraft:lodestone": 1,
      "minecraft:grass_block": 1,
      "minecraft:creeper_spawn_egg": 2,
      "minecraft:resin_block": 1,
      "minecraft:white_concrete": 3,
      "minecraft:white_wool": 1,
      "minecraft:decorated_pot": 1,
      "minecraft:stone_brick_wall": 1,
      "minecraft:stone_bricks": 3,
      "minecraft:lime_concrete": 5,
      "minecraft:leather_boots": 1,
      "minecraft:mace": 3,
      "minecraft:polished_blackstone": 4,
      "minecraft:red_stained_glass": 1,
      "minecraft:chest": 1
    },
    "minecraft:dropped": {
      "minecraft:carrot_on_a_stick": 31,
      "minecraft:magma_block": 1,
      "minecraft:leather_boots": 1,
      "minecraft:diamond_spear": 1,
      "minecraft:white_wool": 1,
      "minecraft:dirt": 1,
      "minecraft:stone": 3,
      "minecraft:smooth_stone": 6,
      "minecraft:cobblestone_slab": 1,
      "minecraft:lime_concrete": 5,
      "minecraft:chest": 1,
      "minecraft:black_concrete": 1,
      "minecraft:white_concrete": 3,
      "minecraft:mace": 3,
      "minecraft:red_concrete": 1,
      "minecraft:purple_dye": 1,
      "minecraft:stone_bricks": 3,
      "minecraft:grass_block": 1,
      "minecraft:resin_block": 1,
      "minecraft:lodestone": 1,
      "minecraft:red_stained_glass": 1,
      "minecraft:jungle_planks": 2,
      "minecraft:command_block": 1,
      "minecraft:polished_andesite": 3,
      "minecraft:stone_brick_wall": 1,
      "minecraft:pale_oak_slab": 1,
      "minecraft:creeper_spawn_egg": 2,
      "minecraft:polished_blackstone": 4
    },
    "minecraft:used": {
      "minecraft:polished_tuff": 13,
      "minecraft:waxed_oxidized_copper_bulb": 2,
      "minecraft:skeleton_skull": 12,
      "minecraft:cactus": 10,
      "minecraft:waxed_weathered_copper": 5,
      "minecraft:smooth_sandstone_stairs": 36,
      "minecraft:campfire": 13,
      "minecraft:red_shulker_box": 11,
      "minecraft:reinforced_deepslate": 5,
      "minecraft:raw_copper_block": 2,
      "minecraft:emerald_ore": 2,
      "minecraft:polished_blackstone": 77,
      "minecraft:raw_gold_block": 2,
      "minecraft:decorated_pot": 23,
      "minecraft:cut_sandstone_slab": 17,
      "minecraft:azalea_leaves": 1,
      "minecraft:waxed_exposed_copper_bulb": 8,
      "minecraft:detector_rail": 2,
      "minecraft:bogged_spawn_egg": 1,
      "minecraft:oak_log": 28,
      "minecraft:sea_lantern": 19,
      "minecraft:spruce_slab": 19,
      "minecraft:gray_carpet": 3,
      "minecraft:diorite_wall": 2,
      "minecraft:moss_block": 1,
      "minecraft:pointed_dripstone": 2,
      "minecraft:cobbled_deepslate": 4,
      "minecraft:hanging_roots": 28,
      "minecraft:sandstone_slab": 4,
      "minecraft:polished_diorite": 17,
      "minecraft:dark_prismarine": 1,
      "minecraft:waxed_exposed_copper": 5,
      "minecraft:andesite_wall": 15,
      "minecraft:mossy_cobblestone": 17,
      "minecraft:honey_block": 2,
      "minecraft:dragon_head": 11,
      "minecraft:magenta_shulker_box": 11,
      "minecraft:soul_campfire": 13,
      "minecraft:written_book": 5,
      "minecraft:terracotta": 9,
      "minecraft:sand": 209,
      "minecraft:wind_charge": 11,
      "minecraft:redstone_block": 19,
      "minecraft:lodestone": 78,
      "minecraft:glow_ink_sac": 7,
      "minecraft:oak_sapling": 5,
      "minecraft:flower_pot": 3,
      "minecraft:yellow_wool": 6,
      "minecraft:smooth_stone_slab": 9,
      "minecraft:oak_trapdoor": 10,
      "minecraft:grass_block": 460,
      "minecraft:string": 8,
      "minecraft:wildflowers": 21,
      "minecraft:honeycomb": 9,
      "minecraft:andesite": 2,
      "minecraft:polished_deepslate": 14,
      "minecraft:waxed_oxidized_copper_golem_statue": 28,
      "minecraft:waxed_copper_block": 5,
      "minecraft:verdant_froglight": 34,
      "minecraft:cactus_flower": 1,
      "minecraft:magenta_dye": 4,
      "minecraft:shroomlight": 13,
      "minecraft:short_dry_grass": 20,
      "minecraft:ochre_froglight": 20,
      "minecraft:rooted_dirt": 22,
      "minecraft:waxed_weathered_copper_golem_statue": 11,
      "minecraft:stone_bricks": 78,
      "minecraft:carrot_on_a_stick": 136,
      "minecraft:chiseled_sandstone": 10,
      "minecraft:blue_wool": 1,
      "minecraft:smooth_stone": 53,
      "minecraft:light_blue_wool": 2,
      "minecraft:magenta_wool": 1,
      "minecraft:diorite": 51,
      "minecraft:redstone": 29,
      "minecraft:waxed_copper_golem_statue": 12,
      "minecraft:cobblestone": 99,
      "minecraft:mossy_cobblestone_slab": 5,
      "minecraft:stone": 183,
      "minecraft:waxed_oxidized_copper_lantern": 6,
      "minecraft:raw_iron_block": 3,
      "minecraft:spruce_trapdoor": 21,
      "minecraft:red_dye": 1,
      "minecraft:bush": 23,
      "minecraft:black_concrete": 53,
      "minecraft:sniffer_egg": 6,
      "minecraft:polished_blackstone_button": 11,
      "minecraft:drowned_spawn_egg": 2,
      "minecraft:gray_concrete": 15,
      "minecraft:torch": 63,
      "minecraft:pale_moss_block": 16,
      "minecraft:red_wool": 1,
      "minecraft:pink_dye": 2,
      "minecraft:cobblestone_stairs": 1,
      "minecraft:iron_chain": 9,
      "minecraft:yellow_terracotta": 2,
      "minecraft:chicken_spawn_egg": 1,
      "minecraft:white_wool": 194,
      "minecraft:beacon": 11,
      "minecraft:redstone_lamp": 13,
      "minecraft:smooth_sandstone": 122,
      "minecraft:snow_block": 20,
      "minecraft:amethyst_block": 9,
      "minecraft:dark_oak_boat": 10,
      "minecraft:chest": 31,
      "minecraft:turtle_helmet": 1,
      "minecraft:sandstone": 493,
      "minecraft:black_shulker_box": 11,
      "minecraft:stone_brick_wall": 13,
      "minecraft:birch_sapling": 1,
      "minecraft:crying_obsidian": 17,
      "minecraft:leaf_litter": 53,
      "minecraft:yellow_shulker_box": 23,
      "minecraft:player_head": 5,
      "minecraft:mangrove_slab": 4,
      "minecraft:light_gray_concrete": 37,
      "minecraft:jungle_planks": 2,
      "minecraft:oak_sign": 35,
      "minecraft:lantern": 14,
      "minecraft:copper_torch": 2,
      "minecraft:short_grass": 79,
      "minecraft:coarse_dirt": 16,
      "minecraft:chiseled_tuff_bricks": 11,
      "minecraft:waxed_oxidized_copper_chain": 7,
      "minecraft:pale_oak_sign": 6,
      "minecraft:blue_orchid": 10,
      "minecraft:firefly_bush": 4,
      "minecraft:black_wool": 71,
      "minecraft:blue_shulker_box": 11,
      "minecraft:waxed_oxidized_lightning_rod": 16,
      "minecraft:tinted_glass": 233,
      "minecraft:mud_brick_wall": 5,
      "minecraft:dandelion": 8,
      "minecraft:weathered_copper_golem_statue": 1,
      "minecraft:oak_shelf": 8,
      "minecraft:netherrack": 357,
      "minecraft:chiseled_tuff": 3,
      "minecraft:soul_torch": 1,
      "minecraft:deepslate_diamond_ore": 2,
      "minecraft:experience_bottle": 1,
      "minecraft:bone_meal": 26,
      "minecraft:item_frame": 1,
      "minecraft:white_shulker_box": 11,
      "minecraft:glowstone": 13,
      "minecraft:lime_wool": 2,
      "minecraft:dirt": 681,
      "minecraft:oxidized_copper_golem_statue": 4,
      "minecraft:compass": 1,
      "minecraft:obsidian": 3,
      "minecraft:stripped_spruce_log": 1,
      "minecraft:glow_lichen": 7,
      "minecraft:spruce_planks": 2,
      "minecraft:tall_dry_grass": 19,
      "minecraft:oak_leaves": 3,
      "minecraft:light": 279,
      "minecraft:leather_boots": 31,
      "minecraft:smooth_sandstone_slab": 69,
      "minecraft:rail": 5,
      "minecraft:waxed_copper_bulb": 4,
      "minecraft:granite_wall": 1,
      "minecraft:powered_rail": 2,
      "minecraft:spyglass": 59,
      "minecraft:splash_potion": 4,
      "minecraft:deepslate_tiles": 4,
      "minecraft:dripstone_block": 2,
      "minecraft:lime_shulker_box": 11,
      "minecraft:end_rod": 11,
      "minecraft:purple_dye": 8,
      "minecraft:spruce_fence": 78,
      "minecraft:white_terracotta": 3,
      "minecraft:netherite_sword": 32,
      "minecraft:red_concrete": 72,
      "minecraft:creeper_spawn_egg": 33,
      "minecraft:light_blue_shulker_box": 11,
      "minecraft:diorite_stairs": 3,
      "minecraft:closed_eyeblossom": 12,
      "minecraft:ladder": 1,
      "minecraft:command_block": 6,
      "minecraft:polar_bear_spawn_egg": 1,
      "minecraft:magma_block": 46,
      "minecraft:tuff": 2,
      "minecraft:cut_sandstone": 35,
      "minecraft:brewing_stand": 6,
      "minecraft:waxed_weathered_copper_bulb": 2,
      "minecraft:pearlescent_froglight": 13,
      "minecraft:pale_oak_slab": 3,
      "minecraft:cobblestone_wall": 1,
      "minecraft:copper_golem_spawn_egg": 1,
      "minecraft:large_fern": 1,
      "minecraft:dead_bush": 10,
      "minecraft:polished_andesite": 115,
      "minecraft:resin_block": 20,
      "minecraft:birch_boat": 1,
      "minecraft:cave_spider_spawn_egg": 1,
      "minecraft:sandstone_stairs": 1,
      "minecraft:waxed_oxidized_copper": 10,
      "minecraft:slime_block": 2,
      "minecraft:repeating_command_block": 3,
      "minecraft:deepslate_lapis_ore": 4,
      "minecraft:bell": 11,
      "minecraft:waxed_exposed_copper_golem_statue": 13,
      "minecraft:white_concrete_powder": 6,
      "minecraft:yellow_concrete": 10,
      "minecraft:lever": 2,
      "minecraft:white_concrete": 1114,
      "minecraft:cobblestone_slab": 22,
      "minecraft:enderman_spawn_egg": 1,
      "minecraft:sandstone_wall": 1,
      "minecraft:waxed_oxidized_cut_copper": 10,
      "minecraft:redstone_torch": 2,
      "minecraft:ender_chest": 17,
      "minecraft:lime_concrete": 60
    }
  },
  "DataVersion": 4764
}