{
  "stats": {
    "minecraft:killed": {
      "minecraft:parched": 10
    },
    "minecraft:custom": {
      "minecraft:time_since_rest": 633286,
      "minecraft:walk_one_cm": 261790,
      "minecraft:leave_game": 34,
      "minecraft:walk_under_water_one_cm": 27283,
      "minecraft:mob_kills": 10,
      "minecraft:damage_dealt": 1600,
      "minecraft:play_time": 633286,
      "minecraft:jump": 3091,
      "minecraft:time_since_death": 633286,
      "minecraft:drop": 46,
      "minecraft:sprint_one_cm": 639640,
      "minecraft:fall_one_cm": 425,
      "minecraft:swim_one_cm": 12849,
      "minecraft:total_world_time": 658419,
      "minecraft:fly_one_cm": 10907208,
      "minecraft:crouch_one_cm": 12836,
      "minecraft:walk_on_water_one_cm": 50553,
      "minecraft:sneak_time": 22543
    },
    "minecraft:picked_up": {
      "minecraft:carrot_on_a_stick": 4,
      "minecraft:resin_bricks": 1,
      "minecraft:redstone_block": 1,
      "minecraft:stone_bricks": 5,
      "minecraft:magma_block": 1,
      "minecraft:shroomlight": 1,
      "minecraft:gold_block": 1,
      "minecraft:redstone": 1,
      "minecraft:ochre_froglight": 1,
      "minecraft:redstone_lamp": 1
    },
    "minecraft:dropped": {
      "minecraft:redstone_block": 1,
      "minecraft:warped_fungus_on_a_stick": 14,
      "minecraft:gold_block": 1,
      "minecraft:carrot_on_a_stick": 19,
      "minecraft:magma_block": 1,
      "minecraft:ochre_froglight": 1,
      "minecraft:redstone": 1,
      "minecraft:stone_bricks": 5,
      "minecraft:resin_bricks": 1,
      "minecraft:shroomlight": 1,
      "minecraft:redstone_lamp": 1
    },
    "minecraft:used": {
      "minecraft:polished_tuff": 28,
      "minecraft:stone_brick_wall": 5,
      "minecraft:painting": 7,
      "minecraft:leaf_litter": 14,
      "minecraft:stone_slab": 73,
      "minecraft:skeleton_skull": 14,
      "minecraft:magenta_concrete": 9,
      "minecraft:cobbled_deepslate_slab": 1,
      "minecraft:campfire": 5,
      "minecraft:beehive": 6,
      "minecraft:lantern": 6,
      "minecraft:copper_torch": 6,
      "minecraft:short_grass": 6,
      "minecraft:soul_lantern": 5,
      "minecraft:stripped_warped_hyphae": 1,
      "minecraft:chiseled_tuff_bricks": 9,
      "minecraft:pale_oak_sign": 3,
      "minecraft:firefly_bush": 4,
      "minecraft:black_wool": 5,
      "minecraft:tuff_slab": 32,
      "minecraft:sea_lantern": 6,
      "minecraft:polished_deepslate_slab": 1,
      "minecraft:diorite_wall": 2,
      "minecraft:blackstone": 32,
      "minecraft:light_blue_concrete_powder": 1,
      "minecraft:moss_block": 5,
      "minecraft:pointed_dripstone": 16,
      "minecraft:cobbled_deepslate_stairs": 2,
      "minecraft:torchflower": 3,
      "minecraft:cobbled_deepslate": 40,
      "minecraft:mangrove_roots": 19,
      "minecraft:vine": 4,
      "minecraft:dark_prismarine": 47,
      "minecraft:chiseled_tuff": 2,
      "minecraft:pink_petals": 3,
      "minecraft:andesite_wall": 1,
      "minecraft:dried_ghast": 15,
      "minecraft:soul_torch": 6,
      "minecraft:honey_block": 1,
      "minecraft:dragon_head": 15,
      "minecraft:blackstone_slab": 4,
      "minecraft:spawner": 3,
      "minecraft:glowstone": 1,
      "minecraft:waxed_oxidized_copper_bars": 24,
      "minecraft:lime_wool": 9,
      "minecraft:warped_fungus_on_a_stick": 41,
      "minecraft:red_nether_bricks": 17,
      "minecraft:dirt": 249,
      "minecraft:oxidized_copper_golem_statue": 15,
      "minecraft:redstone_block": 47,
      "minecraft:lodestone": 13,
      "minecraft:light": 326,
      "minecraft:waxed_oxidized_copper_door": 1,
      "minecraft:glow_ink_sac": 3,
      "minecraft:tall_grass": 4,
      "minecraft:iron_bars": 14,
      "minecraft:nether_wart_block": 3,
      "minecraft:stone_brick_stairs": 5,
      "minecraft:light_blue_concrete": 1,
      "minecraft:spyglass": 26,
      "minecraft:deepslate_tiles": 4,
      "minecraft:copper_golem_statue": 1,
      "minecraft:end_rod": 5,
      "minecraft:ice": 1,
      "minecraft:yellow_wool": 4,
      "minecraft:red_glazed_terracotta": 3,
      "minecraft:diamond_block": 4,
      "minecraft:grass_block": 602,
      "minecraft:spruce_fence": 3,
      "minecraft:polished_deepslate_wall": 34,
      "minecraft:wildflowers": 21,
      "minecraft:emerald_block": 8,
      "minecraft:honeycomb": 12,
      "minecraft:netherite_sword": 25,
      "minecraft:tuff_stairs": 5,
      "minecraft:deepslate": 6,
      "minecraft:polished_deepslate": 43,
      "minecraft:orange_concrete": 15,
      "minecraft:open_eyeblossom": 14,
      "minecraft:dead_tube_coral": 1,
      "minecraft:verdant_froglight": 1,
      "minecraft:cactus_flower": 5,
      "minecraft:stone_brick_slab": 1,
      "minecraft:parched_spawn_egg": 2,
      "minecraft:bookshelf": 15,
      "minecraft:shroomlight": 5,
      "minecraft:short_dry_grass": 5,
      "minecraft:ochre_froglight": 4,
      "minecraft:red_stained_glass_pane": 3,
      "minecraft:stone_bricks": 136,
      "minecraft:light_gray_wool": 2,
      "minecraft:resin_bricks": 12,
      "minecraft:carrot_on_a_stick": 23,
      "minecraft:magma_block": 6,
      "minecraft:waxed_oxidized_cut_copper_stairs": 2,
      "minecraft:mossy_stone_bricks": 94,
      "minecraft:tuff_wall": 111,
      "minecraft:tuff": 163,
      "minecraft:blackstone_wall": 4,
      "minecraft:packed_ice": 1,
      "minecraft:brewing_stand": 1,
      "minecraft:smooth_stone": 88,
      "minecraft:pearlescent_froglight": 5,
      "minecraft:light_blue_wool": 2,
      "minecraft:red_bed": 3,
      "minecraft:polished_deepslate_stairs": 9,
      "minecraft:cobblestone_wall": 9,
      "minecraft:redstone": 6,
      "minecraft:large_fern": 10,
      "minecraft:dead_bush": 2,
      "minecraft:cobblestone": 235,
      "minecraft:yellow_glazed_terracotta": 1,
      "minecraft:stone": 345,
      "minecraft:waxed_oxidized_copper_lantern": 14,
      "minecraft:polished_andesite": 30,
      "minecraft:resin_block": 4,
      "minecraft:crafting_table": 6,
      "minecraft:red_dye": 3,
      "minecraft:sculk": 2,
      "minecraft:oak_pressure_plate": 1,
      "minecraft:cyan_concrete": 23,
      "minecraft:light_blue_glazed_terracotta": 14,
      "minecraft:bush": 8,
      "minecraft:gold_block": 19,
      "minecraft:light_gray_glazed_terracotta": 1,
      "minecraft:waxed_oxidized_copper": 15,
      "minecraft:waxed_oxidized_copper_trapdoor": 3,
      "minecraft:sniffer_egg": 7,
      "minecraft:pumpkin": 2,
      "minecraft:water_bucket": 5,
      "minecraft:slime_block": 1,
      "minecraft:repeating_command_block": 1,
      "minecraft:weathered_copper_chain": 60,
      "minecraft:furnace": 17,
      "minecraft:torch": 24,
      "minecraft:chiseled_stone_bricks": 1,
      "minecraft:yellow_concrete": 1,
      "minecraft:red_wool": 12,
      "minecraft:white_concrete": 536,
      "minecraft:yellow_terracotta": 1,
      "minecraft:blue_ice": 1,
      "minecraft:stone_button": 4,
      "minecraft:cobblestone_slab": 24,
      "minecraft:stone_stairs": 68,
      "minecraft:white_wool": 26,
      "minecraft:redstone_lamp": 3,
      "minecraft:waxed_oxidized_cut_copper": 50,
      "minecraft:snow_block": 43,
      "minecraft:redstone_torch": 9,
      "minecraft:yellow_concrete_powder": 1,
      "minecraft:cyan_candle": 19,
      "minecraft:amethyst_block": 1,
      "minecraft:chest": 8,
      "minecraft:polished_andesite_slab": 16
    }
  },
  "DataVersion": 4764
}