{
    "pools": [
        {
            "rolls": 1,
            "entries": [
                {
                    "type": "item",
                    "name": "written_book",
                    "functions": [
                        {
                            "function": "set_components",
                            "components": {
                                "custom_data": { "id": "written_book", "remove": false },
                                "rarity": "uncommon",
                                "written_book_content": {
                                    "author": "SilentPaltos",
                                    "title": "",
                                    "generation": 0,
                                    "resolved": false,
                                    "pages": [
                                        {
                                            "translate":"book.text"
                                        }
                                    ]
                                }
                            }
                        }
                    ]
                }
            ]
        }
    ]
}