{
    "pools": [
        {
            "rolls": 1,
            "entries": [
                {
                    "type": "item",
                    "name": "carrot_on_a_stick",
                    "functions": [
                        {
                            "function": "set_components",
                            "components": {
                                "custom_data": { "id": "compass" },
                                "item_model": "compass",
                                "item_name": { "translate":"item.minecraft.compass" },
                                "rarity": "uncommon",
                                "lore": [
                                    { 
                                        "translate": "lore.compass",
                                        "color": "gray",
                                        "italic": false
                                    }
                                ]
                            }
                        }
                    ]
                }
            ]
        }
    ]
}