{
    "pools": [
        {
            "rolls": 1,
            "entries": [
                {
                    "type": "item",
                    "name": "leather_boots",
                    "functions": [
                        {
                            "function": "set_components",
                            "components": {
                                "custom_data": { "id": "speed_boots", "remove": false },
                                "item_name": { "translate":"item.speed_boots" },
                                "rarity": "uncommon",
                                "dyed_color": [0.5,0.5,0.8],
                                "!max_damage": {},
                                "attribute_modifiers": [
                                    {
                                        "id": "movement_speed",
                                        "type": "movement_speed",
                                        "display": {"type": "hidden"},
                                        "amount": 0.1,
                                        "operation": "add_value",
                                        "slot": "feet"
                                    }
                                ]
                            }
                        }
                    ]
                }
            ]
        }
    ]
}